-- phpMyAdmin SQL Dump
-- version 4.8.3
-- https://www.phpmyadmin.net/
--
-- Host: 127.0.0.1:3306
-- Gegenereerd op: 03 dec 2018 om 14:21
-- Serverversie: 5.7.23
-- PHP-versie: 7.2.10

SET SQL_MODE = "NO_AUTO_VALUE_ON_ZERO";
SET AUTOCOMMIT = 0;
START TRANSACTION;
SET time_zone = "+00:00";


/*!40101 SET @OLD_CHARACTER_SET_CLIENT=@@CHARACTER_SET_CLIENT */;
/*!40101 SET @OLD_CHARACTER_SET_RESULTS=@@CHARACTER_SET_RESULTS */;
/*!40101 SET @OLD_COLLATION_CONNECTION=@@COLLATION_CONNECTION */;
/*!40101 SET NAMES utf8mb4 */;

--
-- Database: `travelmore`
--

-- --------------------------------------------------------

--
-- Tabelstructuur voor tabel `betaalmethode`
--

DROP TABLE IF EXISTS `betaalmethode`;
CREATE TABLE IF NOT EXISTS `betaalmethode` (
  `id` int(11) NOT NULL,
  `naam` varchar(255) DEFAULT NULL,
  PRIMARY KEY (`id`)
) ENGINE=MyISAM DEFAULT CHARSET=latin1;

--
-- Gegevens worden geëxporteerd voor tabel `betaalmethode`
--

INSERT INTO `betaalmethode` (`id`, `naam`) VALUES
(0, 'Bitcoin'),
(1, 'Visa/MasterCard'),
(2, 'Paypal'),
(3, 'Bancontact'),
(4, 'Dogecoin'),
(5, 'iDEAL');

-- --------------------------------------------------------

--
-- Tabelstructuur voor tabel `boeking`
--

DROP TABLE IF EXISTS `boeking`;
CREATE TABLE IF NOT EXISTS `boeking` (
  `id` int(11) NOT NULL,
  `betaald` bit(1) DEFAULT NULL,
  `persoon_id` int(11) DEFAULT NULL,
  `reis_id` int(11) DEFAULT NULL,
  PRIMARY KEY (`id`),
  KEY `FKq5btunedfibcnfeadjv0j0kif` (`persoon_id`),
  KEY `FK6num3y9qib8pvxo3cma8ljy84` (`reis_id`)
) ENGINE=MyISAM DEFAULT CHARSET=latin1;

--
-- Gegevens worden geëxporteerd voor tabel `boeking`
--

INSERT INTO `boeking` (`id`, `betaald`, `persoon_id`, `reis_id`) VALUES
(0, b'0', 1, 3),
(1, b'0', 2, 2);

-- --------------------------------------------------------

--
-- Tabelstructuur voor tabel `hibernate_sequence`
--

DROP TABLE IF EXISTS `hibernate_sequence`;
CREATE TABLE IF NOT EXISTS `hibernate_sequence` (
  `next_val` bigint(20) DEFAULT NULL
) ENGINE=MyISAM DEFAULT CHARSET=latin1;

--
-- Gegevens worden geëxporteerd voor tabel `hibernate_sequence`
--

INSERT INTO `hibernate_sequence` (`next_val`) VALUES
(22),
(22),
(22),
(22),
(22),
(22),
(22),
(22),
(22),
(22),
(22),
(22),
(22),
(22),
(22),
(22),
(22),
(22),
(22),
(22),
(22),
(22),
(22),
(22),
(22),
(22),
(22),
(22),
(22),
(22),
(22),
(22),
(22),
(22),
(22),
(22),
(22),
(22),
(22),
(22),
(22),
(22),
(22),
(22),
(22),
(22),
(22),
(22),
(22),
(22),
(22),
(22),
(22),
(22),
(22),
(22),
(22),
(22),
(22),
(22),
(22),
(22),
(22),
(22),
(22),
(22),
(22),
(22),
(22),
(22),
(22),
(22),
(22),
(22),
(22),
(22),
(22),
(22),
(22),
(22),
(22),
(22),
(22),
(22),
(22),
(22),
(22),
(22),
(22),
(22),
(22),
(22),
(22),
(22),
(22),
(22),
(22),
(22),
(22),
(22),
(22),
(22),
(22),
(22),
(22),
(22),
(22),
(22),
(22),
(22),
(22),
(22),
(22),
(22),
(22),
(22),
(22),
(22),
(22),
(22),
(22),
(22),
(22),
(22),
(22),
(22),
(22),
(22),
(22),
(22),
(22),
(22),
(22),
(22),
(22),
(22),
(22),
(22),
(22),
(22),
(22),
(22),
(22),
(22),
(22),
(22),
(22),
(22),
(22),
(22),
(22),
(22),
(22),
(22),
(22),
(22),
(22),
(22),
(22),
(22),
(22),
(22),
(22),
(22),
(22),
(22),
(22),
(22),
(22),
(22),
(22),
(22),
(22),
(22),
(22),
(22),
(22),
(22),
(22),
(22),
(22),
(22),
(22),
(22),
(22),
(22),
(22),
(22),
(22),
(22),
(22),
(22),
(22),
(22),
(22),
(22),
(22),
(22),
(22),
(22),
(22),
(22),
(22),
(1),
(1),
(1),
(1),
(1),
(1),
(1),
(1),
(1),
(1),
(1),
(1),
(1),
(1),
(1),
(1),
(1),
(1),
(1),
(1),
(1),
(1),
(1),
(1),
(1),
(1),
(1),
(1),
(1),
(1),
(1),
(1),
(1),
(1),
(1),
(1),
(1),
(1),
(1),
(1),
(1),
(1),
(1),
(1),
(1),
(1),
(1),
(1),
(1),
(1),
(1),
(1),
(1),
(1),
(1),
(1),
(1),
(1),
(1),
(1),
(1),
(1),
(1),
(1),
(1),
(1),
(1),
(1),
(1),
(1),
(1),
(1),
(1),
(1),
(1),
(1),
(1),
(1),
(1),
(1),
(1),
(1),
(1),
(1),
(1),
(1),
(1),
(1),
(1),
(1),
(1),
(1),
(1),
(1),
(1),
(1),
(1),
(1),
(1),
(1),
(1),
(1),
(1),
(1),
(1),
(1),
(1),
(1),
(1),
(1),
(1),
(1),
(1),
(1),
(1),
(1),
(1),
(1),
(1),
(1),
(1),
(1),
(1),
(1),
(1),
(1),
(1),
(1),
(1),
(1),
(1),
(1),
(1),
(1),
(1),
(1),
(1),
(1),
(1),
(1),
(1),
(1),
(1),
(1),
(1),
(1),
(1),
(1),
(1),
(1),
(1),
(1),
(1),
(1),
(1),
(1),
(1),
(1),
(1),
(1),
(1),
(1),
(1),
(1),
(1),
(1),
(1),
(1),
(1),
(1),
(1),
(1),
(1),
(1),
(1),
(1),
(1),
(1),
(1),
(1),
(1),
(1),
(1),
(1),
(1),
(1),
(1),
(1),
(1),
(1),
(1),
(1),
(1),
(1),
(1),
(1),
(1),
(1),
(1),
(1),
(1),
(1),
(1),
(1),
(1),
(1),
(1),
(1),
(1),
(1),
(1),
(1),
(1),
(1),
(1),
(1),
(1),
(1),
(1),
(1),
(1),
(1),
(1),
(1),
(1),
(1),
(1),
(1),
(1),
(1),
(1),
(1),
(1),
(1),
(1),
(1),
(1),
(1),
(1),
(1),
(1),
(1),
(1),
(1),
(1),
(1),
(1),
(1),
(1),
(1),
(1),
(1),
(1),
(1),
(1),
(1),
(1),
(1),
(1),
(1),
(1),
(1),
(1),
(1),
(1),
(1),
(1),
(1),
(1),
(1),
(1),
(1),
(1),
(1),
(1),
(1),
(1),
(1),
(1),
(1),
(1),
(1),
(1),
(1),
(1),
(1),
(1),
(1),
(1),
(1),
(1),
(1),
(1),
(1),
(1),
(1),
(1),
(1),
(1),
(1),
(1),
(1),
(1),
(1),
(1),
(1),
(1),
(1),
(1),
(1),
(1),
(1),
(1),
(1),
(1),
(1),
(1),
(1),
(1),
(1),
(1),
(1),
(1),
(1),
(1),
(1),
(1),
(1),
(1),
(1),
(1),
(1),
(1),
(1),
(1),
(1),
(1),
(1),
(1),
(1),
(1),
(1),
(1),
(1),
(1),
(1),
(1),
(1),
(1),
(1),
(1),
(1),
(1),
(1),
(1),
(1),
(1),
(1),
(1),
(1),
(1),
(1),
(1),
(1),
(1),
(1),
(1),
(1),
(1),
(1),
(1),
(1),
(1),
(1),
(1),
(1),
(1),
(1),
(1),
(1),
(1),
(1),
(1),
(1),
(1),
(1),
(1),
(1),
(1),
(1),
(1),
(1),
(1),
(1),
(1),
(1),
(1),
(1),
(1),
(1),
(1),
(1),
(1),
(1),
(1),
(1),
(1),
(1),
(1),
(1),
(1),
(1),
(1),
(1),
(1),
(1),
(1),
(1),
(1),
(1),
(1),
(1),
(1),
(1),
(1),
(1),
(1),
(1),
(1),
(1),
(1),
(1),
(1),
(1),
(1),
(1),
(1),
(1),
(1),
(1),
(1),
(1),
(1),
(1),
(1),
(1),
(1),
(1),
(1),
(1),
(1),
(1),
(1),
(1),
(1),
(1),
(1),
(1),
(1),
(1),
(1),
(1),
(1),
(1),
(1),
(1),
(1),
(1),
(1),
(1),
(1),
(1),
(1),
(1),
(1),
(1),
(1),
(1),
(1),
(1),
(1),
(1),
(1),
(1),
(1),
(1),
(1),
(1),
(1),
(1),
(1),
(1),
(1),
(1),
(1),
(1),
(1),
(1),
(1),
(1),
(1),
(1),
(1),
(1),
(1),
(1),
(1),
(1),
(1),
(1),
(1),
(1),
(1),
(1),
(1),
(1),
(1),
(1),
(1),
(1),
(1),
(1),
(1),
(1),
(1),
(1),
(1),
(1),
(1),
(1),
(1),
(1),
(1),
(1),
(1),
(1),
(1),
(1),
(1),
(1),
(1),
(1),
(1),
(1),
(1),
(1),
(1),
(1),
(1),
(1),
(1),
(1),
(1),
(1),
(1),
(1),
(1),
(1),
(1),
(1),
(1),
(1),
(1),
(1),
(1),
(1),
(1),
(1),
(1),
(1),
(1),
(1),
(1),
(1),
(1),
(1),
(1),
(1),
(1),
(1),
(1),
(1),
(1),
(1),
(1),
(1),
(1),
(1),
(1),
(1),
(1),
(1),
(1),
(1),
(1),
(1),
(1),
(1),
(1),
(1),
(1),
(1),
(1),
(1),
(1),
(1),
(1),
(1),
(1),
(1),
(1),
(1),
(1),
(1),
(1),
(1),
(1),
(1),
(1),
(1),
(1),
(1),
(1),
(1),
(1),
(1),
(1),
(1),
(1),
(1),
(1),
(1),
(1),
(1),
(1),
(1),
(1),
(1),
(1),
(1),
(1),
(1),
(1),
(1),
(1),
(1),
(1),
(1),
(1),
(1),
(1),
(1),
(1),
(1),
(1),
(1),
(1),
(1),
(1),
(1),
(1),
(1),
(1),
(1),
(1),
(1),
(1),
(1),
(1),
(1),
(1),
(1),
(1),
(1),
(1),
(1),
(1),
(1),
(1),
(1),
(1),
(1),
(1),
(1),
(1),
(1),
(1),
(1),
(1),
(1),
(1),
(1),
(1),
(1),
(1),
(1),
(1),
(1),
(1),
(1),
(1),
(1),
(1),
(1),
(1),
(1),
(1),
(1),
(1),
(1),
(1),
(1),
(1),
(1),
(1),
(1),
(1),
(1),
(1),
(1),
(1),
(1),
(1),
(1),
(1),
(1),
(1),
(1),
(1),
(1),
(1),
(1),
(1),
(1),
(1),
(1),
(1),
(1),
(1),
(1),
(1),
(1),
(1),
(1),
(1),
(1),
(1),
(1),
(1),
(1),
(1),
(1),
(1),
(1),
(1),
(1),
(1),
(1),
(1),
(1),
(1),
(1),
(1),
(1),
(1),
(1),
(1),
(1),
(1),
(1),
(1),
(1),
(1),
(1),
(1),
(1),
(1),
(1),
(1),
(1),
(1),
(1),
(1),
(1),
(1),
(1),
(1),
(1),
(1),
(1),
(1),
(1),
(1),
(1),
(1),
(1),
(1),
(1),
(1),
(1),
(1),
(1),
(1),
(1),
(1),
(1),
(1),
(1),
(1),
(1),
(1),
(1),
(1),
(1),
(1),
(1),
(1),
(1),
(1),
(1),
(1),
(1),
(1),
(1),
(1),
(1),
(1),
(1),
(1),
(1),
(1),
(1),
(1),
(1),
(1),
(1),
(1),
(1),
(1),
(1),
(1),
(1),
(1),
(1),
(1),
(1),
(1),
(1),
(1),
(1),
(1),
(1),
(1),
(1),
(1),
(1),
(1),
(1),
(1),
(1),
(1),
(1),
(1),
(1),
(1),
(1),
(1),
(1),
(1),
(1),
(1),
(1),
(1),
(1),
(1),
(1),
(1),
(1),
(1),
(1),
(1),
(1),
(1),
(1),
(1),
(1),
(1),
(1),
(1),
(1),
(1),
(1),
(1),
(1),
(1),
(1),
(1),
(1),
(1),
(1),
(1),
(1),
(1),
(1),
(1),
(1),
(1),
(1),
(1),
(1),
(1),
(1),
(1),
(1),
(1),
(1),
(1),
(1),
(1),
(1),
(1),
(1),
(1),
(1),
(1),
(1),
(1),
(1),
(1),
(1),
(1),
(1),
(1),
(1),
(1),
(1),
(1),
(1),
(1),
(1),
(1),
(1),
(1),
(1),
(1),
(1),
(1),
(1),
(1),
(1),
(1),
(1),
(1),
(1),
(1),
(1),
(1),
(1),
(1),
(1),
(1),
(1),
(1),
(1),
(1),
(1),
(1),
(1),
(1),
(1),
(1),
(1),
(1),
(1),
(1),
(1),
(1),
(1),
(1),
(1),
(1),
(1),
(1),
(1),
(1),
(1),
(1),
(1),
(1),
(1),
(1),
(1),
(1),
(1),
(1),
(1),
(1),
(1),
(1),
(1),
(1),
(1),
(1),
(1),
(1),
(1),
(1),
(1),
(1),
(1),
(1),
(1),
(1),
(1),
(1),
(1),
(1),
(1),
(1),
(1),
(1),
(1),
(1),
(1),
(1),
(1),
(1),
(1),
(1),
(1),
(1),
(1),
(1),
(1),
(1),
(1),
(1),
(1),
(1),
(1),
(1),
(1),
(1),
(1),
(1),
(1),
(1),
(1);

-- --------------------------------------------------------

--
-- Tabelstructuur voor tabel `land`
--

DROP TABLE IF EXISTS `land`;
CREATE TABLE IF NOT EXISTS `land` (
  `id` int(11) NOT NULL,
  `code` varchar(255) DEFAULT NULL,
  `naam` varchar(255) DEFAULT NULL,
  PRIMARY KEY (`id`)
) ENGINE=MyISAM DEFAULT CHARSET=latin1;

--
-- Gegevens worden geëxporteerd voor tabel `land`
--

INSERT INTO `land` (`id`, `code`, `naam`) VALUES
(0, 'BEL', 'Belgie'),
(1, 'ABW', 'Aruba'),
(2, 'AFG', 'Afghanistan'),
(3, 'ALB', 'Albania'),
(4, 'BRA', 'Brazil'),
(5, 'CHE', 'Switzerland'),
(6, 'CHN', 'China'),
(7, 'DNK', 'Denmark'),
(8, 'ESP', 'Spain'),
(9, 'HKG', 'Hong Kong'),
(10, 'JPN', 'Japan'),
(11, 'USA', 'United States of America'),
(12, 'NLD', 'Netherlands');

-- --------------------------------------------------------

--
-- Tabelstructuur voor tabel `locatie`
--

DROP TABLE IF EXISTS `locatie`;
CREATE TABLE IF NOT EXISTS `locatie` (
  `id` int(11) NOT NULL,
  `naam` varchar(255) DEFAULT NULL,
  `land_id` int(11) DEFAULT NULL,
  PRIMARY KEY (`id`),
  KEY `FK7l179ihg2p2w0lw2b3b2gwwtq` (`land_id`)
) ENGINE=MyISAM DEFAULT CHARSET=latin1;

--
-- Gegevens worden geëxporteerd voor tabel `locatie`
--

INSERT INTO `locatie` (`id`, `naam`, `land_id`) VALUES
(0, 'Brussel', 0),
(1, 'Brussel', 0),
(2, 'Antwerpen', 0),
(3, 'Geel', 0),
(4, 'Oostende', 0),
(5, 'Amsterdam', 12),
(6, 'Utrecht', 12),
(7, 'California', 11),
(8, 'Florida', 11),
(9, 'Las Vegas', 11),
(10, 'New York', 11),
(11, 'Tokio', 10),
(12, 'Osaka', 10),
(13, 'Kioto', 10),
(14, 'Yokohama', 10),
(15, 'Madrid', 8),
(16, 'Barcelona', 8),
(17, 'Granada', 8),
(18, 'Kopenhagen', 7),
(19, 'Aarhus', 7);

-- --------------------------------------------------------

--
-- Tabelstructuur voor tabel `persoon`
--

DROP TABLE IF EXISTS `persoon`;
CREATE TABLE IF NOT EXISTS `persoon` (
  `id` int(11) NOT NULL,
  `adres` varchar(255) DEFAULT NULL,
  `email` varchar(255) DEFAULT NULL,
  `functie` varchar(255) DEFAULT 'USER',
  `naam` varchar(255) DEFAULT NULL,
  `voornaam` varchar(255) DEFAULT NULL,
  `wachtwoord` varchar(255) DEFAULT NULL,
  PRIMARY KEY (`id`)
) ENGINE=MyISAM DEFAULT CHARSET=latin1;

--
-- Gegevens worden geëxporteerd voor tabel `persoon`
--

INSERT INTO `persoon` (`id`, `adres`, `email`, `functie`, `naam`, `voornaam`, `wachtwoord`) VALUES
(2, '09 Lawn Pass', 'bgreasley1@census.gov', 'USER', 'Greasley', 'Boone', 'ddT1qHsF6ZF'),
(3, '9323 Evergreen Avenue', 'sszymanzyk2@mediafire.com', 'USER', 'Szymanzyk', 'Stanton', 'COopY7j'),
(4, '7 Bartillon Drive', 'ulainton3@privacy.gov.au', 'USER', 'Lainton', 'Ursula', 'rvD2XzsmjFJ'),
(5, '86901 Hagan Court', 'spococke4@zdnet.com', 'USER', 'Pococke', 'Silvia', 'I0yeFNwHxHn9'),
(6, '89781 Hooker Park', 'ltomlins5@nymag.com', 'USER', 'Tomlins', 'Lane', 'F06zcsG3Tbm'),
(7, '109 Larry Circle', 'flagadu6@bandcamp.com', 'USER', 'Lagadu', 'Florance', 'RJyKGBQ'),
(8, '973 Oak Valley Alley', 'mverryan7@bloomberg.com', 'USER', 'Verryan', 'Mora', 'c1ppUmhoHl'),
(9, '451 Amoth Street', 'qyuryichev8@wired.com', 'USER', 'Yuryichev', 'Quinlan', 'lP5bJHgw21'),
(10, '1702 Monument Terrace', 'beayrs9@deliciousdays.com', 'USER', 'Eayrs', 'Blanca', 'QxD8aMCP'),
(21, 'Beheerstraat 4', 'admin@admin.com', 'USER', 'Beheerder', 'Admin', '21232f297a57a5a743894a0e4a801fc3');

-- --------------------------------------------------------

--
-- Tabelstructuur voor tabel `persoonbetaalmethode`
--

DROP TABLE IF EXISTS `persoonbetaalmethode`;
CREATE TABLE IF NOT EXISTS `persoonbetaalmethode` (
  `betaalmethodes_id` int(11) NOT NULL,
  `personen_id` int(11) NOT NULL,
  KEY `FKr5hausl3kh865ww2pvvx68ymu` (`personen_id`),
  KEY `FKgtpg9bk1w3o8uxg9w28ximbd9` (`betaalmethodes_id`)
) ENGINE=MyISAM DEFAULT CHARSET=latin1;

--
-- Gegevens worden geëxporteerd voor tabel `persoonbetaalmethode`
--

INSERT INTO `persoonbetaalmethode` (`betaalmethodes_id`, `personen_id`) VALUES
(1, 1);

-- --------------------------------------------------------

--
-- Tabelstructuur voor tabel `reis`
--

DROP TABLE IF EXISTS `reis`;
CREATE TABLE IF NOT EXISTS `reis` (
  `id` int(11) NOT NULL,
  `aankomstDatum` datetime DEFAULT NULL,
  `aantalPlaatsen` int(11) DEFAULT NULL,
  `prijs` float DEFAULT NULL,
  `vertrekDatum` datetime DEFAULT NULL,
  `aankomstLocatie_id` int(11) DEFAULT NULL,
  `transportmiddel_id` int(11) DEFAULT NULL,
  `vertrekLocatie_id` int(11) DEFAULT NULL,
  PRIMARY KEY (`id`),
  KEY `FKmt4uual890xf8c7es8nds2woq` (`aankomstLocatie_id`),
  KEY `FK9onh4m3463ovh6c5gaiw6dare` (`transportmiddel_id`),
  KEY `FKsgwkk7yua9sdta4bqnsvvp8st` (`vertrekLocatie_id`)
) ENGINE=MyISAM DEFAULT CHARSET=latin1;

--
-- Gegevens worden geëxporteerd voor tabel `reis`
--

INSERT INTO `reis` (`id`, `aankomstDatum`, `aantalPlaatsen`, `prijs`, `vertrekDatum`, `aankomstLocatie_id`, `transportmiddel_id`, `vertrekLocatie_id`) VALUES
(0, '2018-10-24 05:09:00', 20, 250, '2018-10-23 00:00:00', 2, 1, 5),
(1, '2018-10-30 12:00:00', 10, 200, '2018-11-01 14:00:00', 1, 3, 2),
(2, '2019-01-24 05:09:00', 60, 20, '2019-01-23 00:00:00', 12, 1, 15),
(3, '2018-10-24 05:09:00', 50, 250, '2018-10-23 00:00:00', 3, 3, 1),
(4, '2018-11-14 05:09:00', 20, 250, '2018-11-13 00:00:00', 7, 0, 14);

-- --------------------------------------------------------

--
-- Tabelstructuur voor tabel `transportmiddel`
--

DROP TABLE IF EXISTS `transportmiddel`;
CREATE TABLE IF NOT EXISTS `transportmiddel` (
  `id` int(11) NOT NULL,
  `naam` varchar(255) DEFAULT NULL,
  PRIMARY KEY (`id`)
) ENGINE=MyISAM DEFAULT CHARSET=latin1;

--
-- Gegevens worden geëxporteerd voor tabel `transportmiddel`
--

INSERT INTO `transportmiddel` (`id`, `naam`) VALUES
(0, 'Bus'),
(1, 'Trein'),
(2, 'Vliegtuig'),
(3, 'Boot');
COMMIT;

/*!40101 SET CHARACTER_SET_CLIENT=@OLD_CHARACTER_SET_CLIENT */;
/*!40101 SET CHARACTER_SET_RESULTS=@OLD_CHARACTER_SET_RESULTS */;
/*!40101 SET COLLATION_CONNECTION=@OLD_COLLATION_CONNECTION */;
